dp_staiton , Ar_station
Vivek Vihar,Civil lines
Ram Nagar,Ram Nagar
Vivek Vihar,Sindhi Camp
Mansarover,Railway Station
Vivek Vihar,Vivek Vihar
Ram Nagar,Sindhi Camp
Badi Choper,Shayam Nagar
New Aatish Market,Civil lines
Mansarover,Chand Pole
Mansarover,Sindhi Camp
New Aatish Market,Civil lines
Shayam Nagar,Choti Choper
Shayam Nagar,Vivek Vihar
Badi Choper,Railway Station
Ram Nagar,Shayam Nagar
Ram Nagar,Vivek Vihar
Railway Station,Badi Choper
New Aatish Market,Vivek Vihar
Civil lines,Chand Pole
Vivek Vihar,Vivek Vihar
Mansarover,Railway Station
New Aatish Market,Badi Choper
Mansarover,New Aatish Market
Mansarover,Shayam Nagar
Choti Choper,Ram Nagar
Mansarover,Sindhi Camp
New Aatish Market,Civil lines
Badi Choper,Sindhi Camp
Ram Nagar,Civil lines
Sindhi Camp,Badi Choper
Shayam Nagar,Vivek Vihar
Sindhi Camp,Choti Choper
New Aatish Market,Ram Nagar
Ram Nagar,Railway Station
Choti Choper,Ram Nagar
Vivek Vihar,Sindhi Camp
Sindhi Camp,Sindhi Camp
Sindhi Camp,Shayam Nagar
Civil lines,Chand Pole
Badi Choper,Ram Nagar
Civil lines,Railway Station
Choti Choper,Sindhi Camp
Chand Pole,Choti Choper
Ram Nagar,New Aatish Market
New Aatish Market,Civil lines
Chand Pole,New Aatish Market
Shayam Nagar,Choti Choper
Shayam Nagar,Railway Station
Mansarover,Civil lines
Shayam Nagar,Shayam Nagar
Mansarover,Vivek Vihar
New Aatish Market,Mansarover
Civil lines,Chand Pole
Civil lines,Badi Choper
Mansarover,Sindhi Camp
Civil lines,Sindhi Camp
Mansarover,Badi Choper
Chand Pole,Chand Pole
Choti Choper,Railway Station
Shayam Nagar,Sindhi Camp
Vivek Vihar,Choti Choper
Badi Choper,Badi Choper
Railway Station,Ram Nagar
New Aatish Market,New Aatish Market
Badi Choper,Choti Choper
Ram Nagar,Shayam Nagar
Badi Choper,Vivek Vihar
Civil lines,Civil lines
Ram Nagar,Vivek Vihar
Choti Choper,New Aatish Market
Chand Pole,Ram Nagar
Badi Choper,Chand Pole
Badi Choper,Vivek Vihar
Railway Station,Mansarover
Sindhi Camp,Chand Pole
Mansarover,Mansarover
Civil lines,Badi Choper
Mansarover,Badi Choper
Badi Choper,Choti Choper
Choti Choper,Sindhi Camp
Choti Choper,Chand Pole
New Aatish Market,Mansarover
Vivek Vihar,Shayam Nagar
Chand Pole,New Aatish Market
Vivek Vihar,New Aatish Market
Mansarover,Badi Choper
New Aatish Market,Shayam Nagar
Shayam Nagar,Civil lines
New Aatish Market,Choti Choper
Mansarover,Choti Choper
Vivek Vihar,Civil lines
Choti Choper,Vivek Vihar
Sindhi Camp,Chand Pole
Sindhi Camp,Mansarover
Shayam Nagar,Choti Choper
Ram Nagar,Ram Nagar
Badi Choper,Ram Nagar
Chand Pole,New Aatish Market
Vivek Vihar,Sindhi Camp
Railway Station,Sindhi Camp
Civil lines,Sindhi Camp
Chand Pole,Chand Pole
Railway Station,Badi Choper
Shayam Nagar,Mansarover
Civil lines,Ram Nagar
Civil lines,Mansarover
Sindhi Camp,Sindhi Camp
Badi Choper,Vivek Vihar
Railway Station,Civil lines
New Aatish Market,Vivek Vihar
Choti Choper,Badi Choper
New Aatish Market,Vivek Vihar
New Aatish Market,Railway Station
Railway Station,Badi Choper
New Aatish Market,Railway Station
Sindhi Camp,Civil lines
New Aatish Market,Mansarover
Ram Nagar,New Aatish Market
Shayam Nagar,Choti Choper
Shayam Nagar,Chand Pole
Chand Pole,Choti Choper
Chand Pole,Mansarover
Badi Choper,New Aatish Market
Badi Choper,Mansarover
Badi Choper,Shayam Nagar
Ram Nagar,Chand Pole
Railway Station,Shayam Nagar
Vivek Vihar,Ram Nagar
Chand Pole,Railway Station
Ram Nagar,Ram Nagar
Vivek Vihar,Choti Choper
New Aatish Market,New Aatish Market
Ram Nagar,Choti Choper
New Aatish Market,Chand Pole
Railway Station,Railway Station
Vivek Vihar,Vivek Vihar
Chand Pole,Vivek Vihar
New Aatish Market,Chand Pole
Shayam Nagar,Civil lines
Chand Pole,Badi Choper
Choti Choper,Vivek Vihar
Railway Station,Civil lines
Railway Station,Civil lines
Choti Choper,Sindhi Camp
Ram Nagar,Badi Choper
Chand Pole,Ram Nagar
Choti Choper,Sindhi Camp
Sindhi Camp,Railway Station
Vivek Vihar,Sindhi Camp
Vivek Vihar,Sindhi Camp
Mansarover,Sindhi Camp
New Aatish Market,Civil lines
New Aatish Market,Shayam Nagar
Vivek Vihar,Chand Pole
Mansarover,Civil lines
Civil lines,Choti Choper
Choti Choper,Chand Pole
Civil lines,Shayam Nagar
New Aatish Market,Badi Choper
Choti Choper,Chand Pole
Railway Station,Ram Nagar
Chand Pole,Civil lines
Choti Choper,New Aatish Market
New Aatish Market,Choti Choper
New Aatish Market,Chand Pole
Sindhi Camp,Badi Choper
Railway Station,Civil lines
Ram Nagar,Badi Choper
Choti Choper,Railway Station
Badi Choper,Vivek Vihar
Shayam Nagar,Mansarover
Sindhi Camp,Civil lines
Civil lines,Chand Pole
Ram Nagar,Railway Station
Chand Pole,Choti Choper
Sindhi Camp,Choti Choper
Choti Choper,Chand Pole
Civil lines,Sindhi Camp
Sindhi Camp,Mansarover
Railway Station,Civil lines
Sindhi Camp,Chand Pole
Choti Choper,Badi Choper
Chand Pole,Sindhi Camp
Shayam Nagar,Civil lines
Mansarover,Mansarover
Badi Choper,Chand Pole
Chand Pole,Badi Choper
Sindhi Camp,New Aatish Market
Chand Pole,Shayam Nagar
Sindhi Camp,Railway Station
Chand Pole,Vivek Vihar
Vivek Vihar,Shayam Nagar
Mansarover,Choti Choper
Shayam Nagar,Railway Station
Mansarover,Ram Nagar
Shayam Nagar,Mansarover
Sindhi Camp,Sindhi Camp
Mansarover,Choti Choper
Choti Choper,Choti Choper
Sindhi Camp,Vivek Vihar
Railway Station,Railway Station
Railway Station,Railway Station
Chand Pole,Choti Choper
New Aatish Market,Ram Nagar
Badi Choper,Vivek Vihar
Ram Nagar,Ram Nagar
Choti Choper,Vivek Vihar
Sindhi Camp,Chand Pole
Badi Choper,Choti Choper
Chand Pole,Railway Station
New Aatish Market,Civil lines
Sindhi Camp,Shayam Nagar
Chand Pole,Shayam Nagar
Badi Choper,Civil lines
Ram Nagar,New Aatish Market
Sindhi Camp,Shayam Nagar
New Aatish Market,Sindhi Camp
Badi Choper,Vivek Vihar
Chand Pole,Vivek Vihar
New Aatish Market,Badi Choper
Vivek Vihar,Badi Choper
New Aatish Market,Railway Station
Mansarover,Mansarover
Badi Choper,New Aatish Market
Railway Station,Choti Choper
Railway Station,Chand Pole
Shayam Nagar,Vivek Vihar
Badi Choper,Shayam Nagar
New Aatish Market,Civil lines
Choti Choper,Civil lines
Sindhi Camp,Civil lines
Ram Nagar,Civil lines
Sindhi Camp,Shayam Nagar
Civil lines,Choti Choper
Mansarover,Shayam Nagar
Chand Pole,Vivek Vihar
Mansarover,Ram Nagar
Vivek Vihar,Shayam Nagar
New Aatish Market,Civil lines
New Aatish Market,Vivek Vihar
Badi Choper,Railway Station
Badi Choper,New Aatish Market
Railway Station,Shayam Nagar
Ram Nagar,Badi Choper
Vivek Vihar,Badi Choper
Civil lines,Railway Station
Railway Station,Sindhi Camp
Vivek Vihar,Shayam Nagar
Shayam Nagar,Choti Choper
Shayam Nagar,Vivek Vihar
Sindhi Camp,Civil lines
Shayam Nagar,New Aatish Market
New Aatish Market,New Aatish Market
Chand Pole,Mansarover
Sindhi Camp,Chand Pole
Railway Station,Civil lines
Badi Choper,Civil lines
Ram Nagar,Mansarover
Badi Choper,Sindhi Camp
Badi Choper,Vivek Vihar
Sindhi Camp,Chand Pole
Badi Choper,Railway Station
Railway Station,Civil lines
Mansarover,Mansarover
Chand Pole,Shayam Nagar
New Aatish Market,Railway Station
Choti Choper,Mansarover
Choti Choper,Civil lines
Badi Choper,New Aatish Market
Shayam Nagar,Badi Choper
Railway Station,Civil lines
Chand Pole,Mansarover
Badi Choper,Civil lines
Mansarover,Mansarover
Mansarover,New Aatish Market
Sindhi Camp,Badi Choper
Vivek Vihar,Ram Nagar
Badi Choper,New Aatish Market
Shayam Nagar,Chand Pole
New Aatish Market,Choti Choper
Mansarover,Civil lines
New Aatish Market,Vivek Vihar
Badi Choper,Shayam Nagar
Mansarover,Shayam Nagar
New Aatish Market,Badi Choper
Ram Nagar,New Aatish Market
Chand Pole,Railway Station
Mansarover,Vivek Vihar
Mansarover,Ram Nagar
Choti Choper,Badi Choper
Civil lines,Civil lines
Ram Nagar,New Aatish Market
Vivek Vihar,Railway Station
Choti Choper,Badi Choper
Civil lines,Badi Choper
Mansarover,Chand Pole
Mansarover,Civil lines
Mansarover,Badi Choper
Chand Pole,Shayam Nagar
Civil lines,New Aatish Market
Sindhi Camp,Choti Choper
Sindhi Camp,Chand Pole
New Aatish Market,Civil lines
Sindhi Camp,Vivek Vihar
Chand Pole,Shayam Nagar
New Aatish Market,Sindhi Camp
Badi Choper,Mansarover
Badi Choper,Badi Choper
Choti Choper,Badi Choper
Mansarover,Vivek Vihar
Badi Choper,Ram Nagar
Badi Choper,Chand Pole
Ram Nagar,Civil lines
Ram Nagar,Civil lines
Chand Pole,Badi Choper
Badi Choper,Badi Choper
Choti Choper,Railway Station
Sindhi Camp,Shayam Nagar
Choti Choper,Shayam Nagar
Railway Station,Railway Station
Sindhi Camp,Sindhi Camp
New Aatish Market,Ram Nagar
Mansarover,Choti Choper
Civil lines,Vivek Vihar
New Aatish Market,Mansarover
Ram Nagar,Sindhi Camp
Vivek Vihar,Chand Pole
Choti Choper,Railway Station
Chand Pole,Chand Pole
Vivek Vihar,Vivek Vihar
Shayam Nagar,Badi Choper
Mansarover,Civil lines
Vivek Vihar,Badi Choper
New Aatish Market,Badi Choper
Ram Nagar,New Aatish Market
Mansarover,Shayam Nagar
Vivek Vihar,Railway Station
Ram Nagar,Shayam Nagar
Vivek Vihar,Mansarover
Mansarover,Ram Nagar
Railway Station,Shayam Nagar
New Aatish Market,Sindhi Camp
Vivek Vihar,Vivek Vihar
Chand Pole,Civil lines
Shayam Nagar,New Aatish Market
New Aatish Market,Railway Station
Railway Station,Mansarover
Mansarover,New Aatish Market
Ram Nagar,Chand Pole
Badi Choper,Badi Choper
Ram Nagar,Badi Choper
Railway Station,Chand Pole
Sindhi Camp,Chand Pole
Sindhi Camp,Shayam Nagar
Badi Choper,Railway Station
Badi Choper,Vivek Vihar
Chand Pole,Sindhi Camp
Badi Choper,Ram Nagar
Ram Nagar,Vivek Vihar
Sindhi Camp,Badi Choper
Choti Choper,Mansarover
Railway Station,Ram Nagar
Ram Nagar,Sindhi Camp
Badi Choper,Shayam Nagar
New Aatish Market,New Aatish Market
New Aatish Market,Civil lines
Vivek Vihar,New Aatish Market
New Aatish Market,Ram Nagar
Shayam Nagar,Choti Choper
Railway Station,Badi Choper
Mansarover,Railway Station
Ram Nagar,Civil lines
Badi Choper,Mansarover
Shayam Nagar,Choti Choper
Civil lines,Ram Nagar
Vivek Vihar,Sindhi Camp
Chand Pole,Shayam Nagar
Vivek Vihar,Vivek Vihar
New Aatish Market,New Aatish Market
Shayam Nagar,New Aatish Market
Choti Choper,Mansarover
Badi Choper,New Aatish Market
Mansarover,Civil lines
Mansarover,Railway Station
Railway Station,Chand Pole
Choti Choper,Ram Nagar
Civil lines,Civil lines
Chand Pole,Civil lines
Mansarover,New Aatish Market
Civil lines,Railway Station
Vivek Vihar,Shayam Nagar
Railway Station,Sindhi Camp
Railway Station,Shayam Nagar
Mansarover,Sindhi Camp
Ram Nagar,Shayam Nagar
Choti Choper,Ram Nagar
Vivek Vihar,Civil lines
Chand Pole,Badi Choper
Ram Nagar,Sindhi Camp
Civil lines,Sindhi Camp
Vivek Vihar,Ram Nagar
Vivek Vihar,Vivek Vihar
Shayam Nagar,New Aatish Market
New Aatish Market,Chand Pole
Sindhi Camp,New Aatish Market
Ram Nagar,Choti Choper
New Aatish Market,Vivek Vihar
Civil lines,Choti Choper
Chand Pole,Shayam Nagar
Mansarover,Railway Station
Choti Choper,Chand Pole
Mansarover,Sindhi Camp
New Aatish Market,Chand Pole
Choti Choper,Ram Nagar
Badi Choper,Mansarover
Badi Choper,Badi Choper
Vivek Vihar,Vivek Vihar
Choti Choper,Choti Choper
Mansarover,Chand Pole
Choti Choper,Ram Nagar
Badi Choper,Vivek Vihar
New Aatish Market,Railway Station
Sindhi Camp,Railway Station
Choti Choper,Chand Pole
New Aatish Market,Mansarover
New Aatish Market,Sindhi Camp
Vivek Vihar,Civil lines
Civil lines,Badi Choper
Sindhi Camp,New Aatish Market
Badi Choper,Sindhi Camp
Railway Station,Vivek Vihar
Sindhi Camp,Choti Choper
Chand Pole,Sindhi Camp
Railway Station,Civil lines
New Aatish Market,Choti Choper
Railway Station,Vivek Vihar
Railway Station,Mansarover
Ram Nagar,Mansarover
Badi Choper,Ram Nagar
Mansarover,Chand Pole
Vivek Vihar,New Aatish Market
Civil lines,Choti Choper
Shayam Nagar,Choti Choper
Choti Choper,Sindhi Camp
Choti Choper,Civil lines
Sindhi Camp,Civil lines
Ram Nagar,Sindhi Camp
Ram Nagar,Ram Nagar
Vivek Vihar,Sindhi Camp
Vivek Vihar,Vivek Vihar
Civil lines,Choti Choper
Vivek Vihar,Ram Nagar
Vivek Vihar,Choti Choper
Ram Nagar,Shayam Nagar
Shayam Nagar,Choti Choper
Vivek Vihar,Chand Pole
Railway Station,Railway Station
Mansarover,Civil lines
Shayam Nagar,Railway Station
Mansarover,Choti Choper
Railway Station,Chand Pole
Sindhi Camp,Civil lines
Vivek Vihar,Choti Choper
Choti Choper,Badi Choper
Mansarover,Railway Station
Chand Pole,Mansarover
Sindhi Camp,Choti Choper
New Aatish Market,Mansarover
Chand Pole,Mansarover
Ram Nagar,Badi Choper
Civil lines,Sindhi Camp
Civil lines,Ram Nagar
Sindhi Camp,Sindhi Camp
Civil lines,Badi Choper
Vivek Vihar,Mansarover
New Aatish Market,Badi Choper
Mansarover,Ram Nagar
Badi Choper,Choti Choper
Railway Station,Chand Pole
Vivek Vihar,Badi Choper
Vivek Vihar,Mansarover
Ram Nagar,Badi Choper
Chand Pole,Choti Choper
Chand Pole,Civil lines
Choti Choper,Shayam Nagar
Railway Station,Shayam Nagar
New Aatish Market,Mansarover
Badi Choper,Choti Choper
New Aatish Market,Railway Station
Choti Choper,Railway Station
Badi Choper,Civil lines
Vivek Vihar,Shayam Nagar
Chand Pole,Badi Choper
Civil lines,Civil lines
New Aatish Market,Choti Choper
Sindhi Camp,Shayam Nagar
Vivek Vihar,New Aatish Market
Mansarover,Railway Station
Badi Choper,Shayam Nagar
Ram Nagar,Chand Pole
