ID,Name,Age
1001,Pari Dubey,51
1002,Anya Basak,18
1003,Dhanush Tailor,46
1004,Piya Rattan,55
1005,Yuvaan Sankar,56
1006,Hiran Kurian,48
1007,Jivika Roy,41
1008,Devansh Luthra,50
1009,Vivaan Lala,50
1010,Armaan Goda,59
1011,Reyansh Aggarwal,31
1012,Anya Kaur,46
1013,Samaira Brahmbhatt,38
1014,Kanav Apte,24
1015,Advik Dash,34
1016,Shalv Hari,49
1017,Kabir Sem,24
1018,Adira Rana,38
1019,Siya Sarin,38
1020,Ojas Sundaram,56
1021,Mahika Seth,20
1022,Saira Sodhi,56
1023,Jivin Jani,18
1024,Jivika Borde,51
1025,Kaira Sen,48
1026,Samiha Dani,23
1027,Tushar Mane,30
1028,Aradhya Lanka,60
1029,Zeeshan Sharma,24
1030,Dharmajan Aurora,31
1031,Zaina Chaudhari,33
1032,Emir Brar,38
1033,Bhavin Hora,40
1034,Rohan Wali,27
1035,Dhanuk Ravi,23
1036,Rhea Agate,28
1037,Vihaan Chhabra,53
1038,Shanaya Krishna,25
1039,Pari Rattan,24
1040,Hrishita Ram,24
1041,Navya Bava,43
1042,Divyansh Chada,58
1043,Priyansh Mann,38
1044,Seher Dyal,20
1045,Samiha Shan,30
1046,Madhup Batra,56
1047,Rohan Dhar,46
1048,Armaan Chadha,55
1049,Biju Choudhry,42
1050,Zeeshan Chaudhari,31
1051,Saira Bhatti,48
1052,Diya Contractor,48
1053,Nakul Dyal,54
1054,Kavya Kadakia,58
1055,Nirvaan Sagar,19
1056,Reyansh Hari,53
1057,Hansh Chanda,30
1058,Nirvi Deo,58
1059,Samarth Sarraf,30
1060,Sahil Date,29
1061,Samiha Brahmbhatt,56
1062,Misha Kari,57
1063,Misha Thaker,40
1064,Akarsh Kari,39
1065,Himmat Kamdar,56
1066,Aarush Dubey,51
1067,Advika Dayal,35
1068,Sana Bhalla,39
1069,Zeeshan Bandi,32
1070,Kabir Venkatesh,21
1071,Eva Chada,54
1072,Akarsh Sharaf,49
1073,Divij Thaker,38
1074,Ryan Garg,38
1075,Miraan Vohra,60
1076,Divit Roy,47
1077,Faiyaz Cherian,25
1078,Devansh Venkataraman,46
1079,Shanaya Bhagat,53
1080,Fateh Sane,56
1081,Saksham Tata,51
1082,Anvi Sandhu,38
1083,Shray Grover,43
1084,Shayak Sur,38
1085,Bhamini Bajaj,32
1086,Ivan Goswami,27
1087,Anahi Varty,51
1088,Mannat Chaudhuri,40
1089,Bhavin Dalal,49
1090,Shanaya Salvi,50
1091,Riya Singhal,35
1092,Madhup Sabharwal,24
1093,Pihu Chada,33
1094,Jivika Chaudhry,49
1095,Jhanvi Bhakta,39
1096,Keya Dara,39
1097,Divij Kara,48
1098,Hansh Choudhary,20
1099,Miraan Sandal,21
1100,Ivan Upadhyay,20
1101,Vihaan Cheema,37
1102,Hrishita Sridhar,28
1103,Ritvik Basu,50
1104,Hrishita Chand,18
1105,Yuvraj  Singh,40
1106,Hunar Kibe,47
1107,Samarth Dugar,60
1108,Rati Talwar,19
1109,Kanav Ahuja,40
1110,Himmat Sunder,47
1111,Saanvi Deshpande,28
1112,Ishita Rattan,56
1113,Riya Jaggi,36
1114,Miraya Bhatti,33
1115,Kiaan Sandal,20
1116,Shamik Wason,47
1117,Ishita Lad,33
1118,Aarav Ravel,58
1119,Kaira Thaker,51
1120,Samar Bawa,30
1121,Purab Rana,22
1122,Vardaniya Gade,28
1123,Sumer Saraf,47
1124,Yakshit Gokhale,24
1125,Parinaaz Hayer,60
1126,Kaira Loke,42
1127,Hazel Thakur,60
1128,Vritika Bora,59
1129,Riaan Varughese,37
1130,Aarush Salvi,51
1131,Pihu Vora,41
1132,Advika Soman,21
1133,Ela Bhargava,50
1134,Nayantara Badal,51
1135,Reyansh Rajagopalan,34
1136,Himmat Gola,22
1137,Tara Bahl,23
1138,Romil Batta,58
1139,Ranbir Sharma,56
1140,Ivan Bawa,44
1141,Kashvi Tiwari,57
1142,Vihaan Arya,59
1143,Jivika Tak,37
1144,Inaaya  Srinivas,50
1145,Vritika Mandal,40
1146,Renee Dar,28
1147,Reyansh Tata,24
1148,Anahi Chatterjee,34
1149,Charvi Garde,41
1150,Dharmajan Kothari,39
1151,Taimur Ganguly,59
1152,Amani Goel,30
1153,Tara Wagle,39
1154,Tushar Ramakrishnan,37
1155,Inaaya  Swamy,55
1156,Aarush Hora,39
1157,Divyansh Zachariah,21
1158,Vidur Ahuja,24
1159,Khushi Kaul,19
1160,Kartik Kalita,31
1161,Manjari Gandhi,59
1162,Sumer Singhal,21
1163,Samiha Kara,56
1164,Hazel Bhatnagar,60
1165,Bhavin Jha,32
1166,Purab Bhagat,53
1167,Aarush Kalla,51
1168,Sumer Mahajan,49
1169,Kanav Raval,38
1170,Fateh Agate,26
1171,Kavya Gokhale,23
1172,Lagan Sengupta,59
1173,Charvi Bhavsar,21
1174,Raghav Biswas,35
1175,Eshani Yadav,34
1176,Vihaan Raman,21
1177,Taran Sinha,39
1178,Lakshay Raj,26
1179,Anaya Deshpande,42
1180,Mehul Iyengar,51
1181,Damini Apte,24
1182,Purab Acharya,28
1183,Darshit Bhagat,60
1184,Kismat Saraf,27
1185,Hiran Agrawal,24
1186,Stuvan Mann,20
1187,Indrajit Srivastava,30
1188,Abram Gupta,30
1189,Devansh Grewal,60
1190,Darshit Saran,39
1191,Ishaan Chaudhari,43
1192,Adah Jain,27
1193,Anvi Choudhry,49
1194,Piya Bali,48
1195,Ritvik Kale,26
1196,Jayant Kapoor,37
1197,Ojas Mann,32
1198,Riaan Manne,59
1199,Faiyaz Ghose,48
1200,Kiaan Jain,59
1201,Tiya Master,19
1202,Romil Kant,47
1203,Armaan Sem,41
1204,Rati Bawa,37
1205,Amira Sanghvi,33
1206,Seher Bahl,18
1207,Rania Magar,41
1208,Alisha Keer,60
1209,Farhan Apte,47
1210,Romil Reddy,59
1211,Ritvik Hora,38
1212,Nitya Ben,33
1213,Piya Raval,32
1214,Jayant Badal,35
1215,Ryan Boase,42
1216,Tejas Sampath,37
1217,Neelofar Singhal,45
1218,Sahil Virk,59
1219,Yuvaan Aggarwal,18
1220,Yakshit Singh,40
1221,Diya Kamdar,43
1222,Aradhya Char,22
1223,Vaibhav Wason,36
1224,Charvi Keer,33
1225,Kismat Hayer,58
1226,Nishith Sankaran,46
1227,Mohanlal Gala,39
1228,Ritvik Dayal,24
1229,Nakul Dutta,37
1230,Misha Deol,53
1231,Aaina Luthra,44
1232,Saanvi Dixit,50
1233,Veer Shukla,46
1234,Vritika Aurora,34
1235,Tejas Din,44
1236,Vivaan Kala,45
1237,Myra Andra,29
1238,Aarush Tata,49
1239,Manikya Ratti,34
1240,Amira Chawla,19
1241,Devansh Karan,55
1242,Ela Malhotra,60
1243,Sahil Chandra,23
1244,Saksham Sidhu,42
1245,Ahana  Dhar,45
1246,Mehul Raju,43
1247,Devansh Bajaj,42
1248,Adira Jayaraman,28
1249,Vanya Ganesh,44
1250,Vidur Hans,44
1251,Chirag Sastry,42
1252,Emir Solanki,35
1253,Tanya Malhotra,51
1254,Arhaan Sanghvi,41
1255,Bhavin Tripathi,19
1256,Aaina Bera,18
1257,Pihu Bhalla,29
1258,Indranil Goswami,52
1259,Drishya Sengupta,49
1260,Anahi Kohli,59
1261,Vaibhav Zacharia,39
1262,Shaan Bhagat,48
1263,Sara Warrior,34
1264,Prisha Edwin,36
1265,Gokul Ratta,35
1266,Lavanya Vig,56
1267,Madhav Bera,39
1268,Tushar Gandhi,32
1269,Aradhya Goda,45
1270,Romil Gulati,55
1271,Hridaan Gokhale,37
1272,Hansh Batta,42
1273,Samarth Bail,21
1274,Badal Amble,27
1275,Bhavin Mandal,36
1276,Nakul Jani,37
1277,Pari Baria,52
1278,Taran Korpal,43
1279,Anahita Savant,20
1280,Prisha Bobal,19
1281,Hunar Golla,35
1282,Faiyaz Mane,52
1283,Sahil Kale,42
1284,Manjari Shere,60
1285,Saksham Bumb,23
1286,Pihu Bhavsar,28
1287,Nirvaan Comar,25
1288,Rasha Dayal,48
1289,Yuvaan Mahajan,31
1290,Manjari Chaudhary,49
1291,Jayan Bala,20
1292,Lavanya Loyal,23
1293,Pari Ganesan,49
1294,Vaibhav Bhandari,60
1295,Saanvi Cherian,50
1296,Ayesha Sengupta,48
1297,Dishani Shetty,53
1298,Yuvaan Bajwa,31
1299,Samiha Raj,18
1300,Prerak Sur,49
1301,Ishaan Banerjee,42
1302,Jayan Sankar,37
1303,Ishaan Warrior,30
1304,Aarav Shroff,52
1305,Vaibhav Khatri,32
1306,Pari Koshy,22
1307,Shamik Batta,36
1308,Parinaaz Loke,29
1309,Purab Ramanathan,22
1310,Akarsh Rajan,26
1311,Misha Andra,38
1312,Tejas Sinha,53
1313,Ryan Dhawan,32
1314,Azad Kunda,53
1315,Pihu Baral,38
1316,Nirvi Arora,59
1317,Neelofar Ahuja,48
1318,Devansh Varughese,34
1319,Urvi Gupta,36
1320,Alisha Seshadri,29
1321,Alia Sarna,32
1322,Jiya Shroff,57
1323,Parinaaz Sridhar,52
1324,Mohanlal Sehgal,40
1325,Vanya Sami,38
1326,Kartik Dasgupta,50
1327,Lakshit Thaman,48
1328,Nirvi Comar,49
1329,Divij Chana,42
1330,Nirvi Bhagat,23
1331,Stuvan Sankar,26
1332,Anahi Ratta,22
1333,Tushar Rege,47
1334,Neysa Choudhry,22
1335,Divyansh Halder,33
1336,Dhanuk Guha,29
1337,Tushar Korpal,21
1338,Lakshay Balan,52
1339,Damini Ravi,37
1340,Hansh Ahluwalia,51
1341,Misha Mallick,43
1342,Jivin Halder,39
1343,Kartik Dugar,30
1344,Vedika Baral,33
1345,Vivaan Thakkar,18
1346,Raghav Gaba,54
1347,Madhav Madan,24
1348,Mehul Sachdeva,32
1349,Dhanuk Ramachandran,23
1350,Umang Bhalla,42
1351,Indrajit Johal,60
1352,Ishaan Srinivasan,31
1353,Vanya Rama,55
1354,Aaryahi Savant,27
1355,Mishti Ramaswamy,49
1356,Aarna Doctor,59
1357,Siya Chacko,27
1358,Jayesh Hari,30
1359,Yuvraj  Shah,52
1360,Pranay Kannan,39
1361,Shanaya Dewan,58
1362,Alia Chaudhari,55
1363,Shlok Vaidya,34
1364,Uthkarsh Bahl,24
1365,Vedika Seshadri,47
1366,Ela Rao,30
1367,Shray Rege,39
1368,Indrans Kohli,44
1369,Rati Sridhar,45
1370,Diya Ray,19
1371,Farhan Sekhon,27
1372,Ahana  Gaba,41
1373,Biju Bala,35
1374,Kimaya Garg,46
1375,Nayantara Sathe,40
1376,Lagan Verma,37
1377,Navya Dube,58
1378,Miraya Vaidya,36
1379,Badal Gole,59
1380,Emir Mangat,31
1381,Mannat Raval,23
1382,Shanaya Behl,59
1383,Devansh Chaudhry,21
1384,Aarush Kaul,46
1385,Farhan Dugar,27
1386,Samiha Sha,20
1387,Charvi Varkey,33
1388,Piya Grewal,31
1389,Anya Ganguly,21
1390,Sumer Issac,58
1391,Manjari Sen,46
1392,Kaira Basak,44
1393,Samarth Maharaj,36
1394,Samar Hora,28
1395,Sara Sarraf,29
1396,Sumer Shankar,29
1397,Chirag Badal,58
1398,Miraan Khosla,51
1399,Kavya Kale,33
1400,Dharmajan Bobal,51
1401,Ela Roy,24
1402,Badal Sridhar,26
1403,Ela Bose,52
1404,Alia Shankar,33
1405,Sana Bahl,41
1406,Shalv Sarma,56
1407,Shalv Dugar,59
1408,Kanav Rajagopalan,60
1409,Ishita Anne,46
1410,Indrajit Mangal,27
1411,Ritvik Bir,22
1412,Eva Sanghvi,47
1413,Nitya Krishna,33
1414,Oorja Upadhyay,52
1415,Prerak Arya,38
1416,Samarth Chhabra,52
1417,Hrishita Verma,56
1418,Parinaaz Raja,29
1419,Indrans Bhagat,18
1420,Shamik Dass,45
1421,Siya Dutt,35
1422,Ela Johal,37
1423,Kanav Uppal,30
1424,Dishani Sabharwal,43
1425,Kismat Amble,47
1426,Vidur Dhillon,53
1427,Tanya Ramanathan,46
1428,Aniruddh Kapadia,36
1429,Mahika Rau,22
1430,Charvi Chokshi,34
1431,Shanaya Ganguly,29
1432,Ahana  Kalla,20
1433,Dhanush Bava,43
1434,Indrans Bhatnagar,22
1435,Samar Joshi,52
1436,Hazel Yadav,29
1437,Pranay Sur,44
1438,Biju Dalal,54
1439,Bhavin Walia,18
1440,Shalv Bhatnagar,23
1441,Arnav Kuruvilla,38
1442,Miraan Trivedi,31
1443,Faiyaz Karpe,57
1444,Samaira Jhaveri,24
1445,Dishani Lata,22
1446,Saira Handa,24
1447,Kabir Varughese,36
1448,Parinaaz Kohli,20
1449,Samiha Bala,49
1450,Elakshi Sawhney,18
1451,Vardaniya Deol,58
1452,Anya Gola,27
1453,Jhanvi Ghosh,19
1454,Vanya Varughese,49
1455,Prerak Varkey,31
1456,Dhruv Manda,57
1457,Ivan Jha,51
1458,Shray Chacko,19
1459,Hrishita Varkey,34
1460,Amira Karnik,39
1461,Samarth Thakur,39
1462,Tejas Sha,53
1463,Riaan Bumb,22
1464,Anaya Ramakrishnan,45
1465,Diya Swaminathan,19
1466,Aaina Dugar,21
1467,Miraan Sinha,43
1468,Armaan Hora,37
1469,Suhana Varkey,32
1470,Manikya Zacharia,44
1471,Dishani Mann,27
1472,Zoya Mangal,44
1473,Kanav Ahluwalia,54
1474,Kartik Agrawal,44
1475,Raunak Sodhi,28
1476,Anya Dewan,25
1477,Reyansh Dar,29
1478,Ehsaan Dhaliwal,58
1479,Aaina Dayal,28
1480,Baiju Ravel,36
1481,Alisha Chand,20
1482,Khushi Bahl,57
1483,Taimur Bera,51
1484,Devansh Din,47
1485,Raghav Behl,36
1486,Rania Jayaraman,22
1487,Anahi Kade,58
1488,Raghav Sule,33
1489,Eva Sahota,32
1490,Nitara Bajaj,56
1491,Manikya Banerjee,29
1492,Yuvaan Arora,25
1493,Hrishita Dasgupta,52
1494,Saanvi Chopra,49
1495,Saksham Mangal,19
1496,Misha Soman,28
1497,Saksham Sahota,45
1498,Fateh Goel,29
1499,Mohanlal Ray,22
1500,Vedika Doctor,19
1501,Mahika Chokshi,45
1502,Samiha Shanker,24
1503,Amani Cherian,57
1504,Nehmat Dara,58
1505,Madhav Kapur,37
1506,Aarush Sekhon,36
1507,Azad Sarkar,32
1508,Divit Chatterjee,51
1509,Tiya Shenoy,37
1510,Vedika Gola,21
1511,Damini Kar,42
1512,Tejas Sachdeva,50
1513,Kavya Sawhney,38
1514,Neysa Rastogi,22
1515,Samar Madan,19
1516,Hansh Dutta,29
1517,Jivika Wali,55
1518,Aarav Dhar,19
1519,Pranay Bahri,46
1520,Misha Brahmbhatt,28
1521,Shalv Chakraborty,45
1522,Hiran Saraf,38
1523,Samiha Sanghvi,22
1524,Samiha Sinha,39
1525,Armaan Barman,54
1526,Pari Toor,59
1527,Myra Solanki,27
1528,Onkar Shah,55
1529,Rania Iyengar,18
1530,Anay Lall,35
1531,Khushi Talwar,48
1532,Samiha Gupta,31
1533,Kaira Bumb,18
1534,Riya Lata,47
1535,Nitara Devan,51
1536,Anya Divan,29
1537,Bhavin Shan,57
1538,Jiya Sampath,59
1539,Mamooty Dubey,36
1540,Navya Gokhale,44
1541,Khushi Bir,19
1542,Shray Balakrishnan,26
1543,Uthkarsh Uppal,31
1544,Dhanush D’Alia,48
1545,Kashvi Saha,34
1546,Prerak Madan,25
1547,Urvi Mall,58
1548,Darshit Krish,25
1549,Zoya Iyer,49
1550,Samaira Mammen,52
1551,Heer Ranganathan,18
1552,Faiyaz Dube,52
1553,Akarsh Brahmbhatt,20
1554,Mehul Soni,55
1555,Vanya Tripathi,45
1556,Miraya Setty,53
1557,Saksham Raman,36
1558,Divyansh Sheth,20
1559,Purab Subramaniam,56
1560,Jhanvi Handa,28
1561,Lakshit Shetty,18
1562,Gokul Gaba,26
1563,Sara Viswanathan,41
1564,Sumer Shenoy,59
1565,Mannat Ramaswamy,48
1566,Eshani Ratta,19
1567,Ritvik Ahuja,31
1568,Hazel Master,46
1569,Sana Khare,29
1570,Samarth Kant,60
1571,Rohan Sibal,53
1572,Misha Thaker,36
1573,Hazel Rattan,38
1574,Ivana Chada,25
1575,Pari Chadha,26
1576,Madhup Bala,26
1577,Dhruv Raj,54
1578,Taran Karan,36
1579,Kashvi Jayaraman,40
1580,Arhaan Randhawa,41
1581,Manjari Sankar,25
1582,Jayant Mangat,59
1583,Nakul Balay,59
1584,Shanaya Dalal,27
1585,Aayush Agrawal,45
1586,Riya Buch,20
1587,Prisha Anne,27
1588,Chirag Sama,20
1589,Anika Bhatti,57
1590,Baiju Goswami,44
1591,Yuvraj  Virk,35
1592,Gokul Jayaraman,35
1593,Abram Gupta,23
1594,Rati Konda,20
1595,Ehsaan Venkatesh,45
1596,Yashvi Gole,50
1597,Mehul Dayal,24
1598,Kanav Jaggi,54
1599,Biju Keer,54
1600,Heer Sen,27
1601,Zara Wason,56
1602,Neelofar Kumar,56
1603,Gatik Sama,50
1604,Ahana  Venkataraman,59
1605,Miraan Kade,18
1606,Indrajit Kibe,59
1607,Ishita Arya,30
1608,Mamooty Sule,34
1609,Stuvan Deep,43
1610,Damini Bhat,39
1611,Ivan Choudhury,33
1612,Jayan Singhal,46
1613,Badal Sha,54
1614,Farhan Dugar,27
1615,Jayesh Dasgupta,21
1616,Kiaan Shukla,28
1617,Veer Gara,38
1618,Tushar Chada,38
1619,Navya Cherian,51
1620,Aniruddh Khatri,41
1621,Advik Mane,21
1622,Damini Bhardwaj,34
1623,Hridaan Upadhyay,43
1624,Hazel Master,26
1625,Zara Mallick,43
1626,Misha Sahota,48
1627,Zain Rattan,53
1628,Darshit Vaidya,35
1629,Ojas Dixit,35
1630,Gokul Aggarwal,47
1631,Nitara Dugar,38
1632,Bhamini Dhillon,24
1633,Ivana Guha,58
1634,Stuvan Sibal,43
1635,Kiaan Samra,28
1636,Ritvik Guha,26
1637,Manjari Bahl,55
1638,Alisha Suresh,28
1639,Vardaniya Dora,29
1640,Madhup Bajwa,41
1641,Aradhya Sundaram,29
1642,Divij Rajagopal,33
1643,Ela Dara,29
1644,Kismat Ahuja,33
1645,Dharmajan Babu,57
1646,Stuvan Dugar,39
1647,Vedika Mandal,29
1648,Madhav Dey,24
1649,Ahana  Chada,28
1650,Ira Walla,56
1651,Farhan Chaudry,35
1652,Veer Basu,58
1653,Krish Dani,38
1654,Himmat Sahota,53
1655,Eshani Bava,39
1656,Ranbir Handa,57
1657,Riaan Thaker,58
1658,Indranil Golla,48
1659,Indranil Sarma,30
1660,Aarna Viswanathan,20
1661,Shray Bhatnagar,43
1662,Tiya Bassi,52
1663,Divit Rajan,24
1664,Trisha Uppal,22
1665,Kismat Sidhu,54
1666,Samarth Atwal,33
1667,Myra Chhabra,31
1668,Nayantara Hora,24
1669,Ritvik Sidhu,18
1670,Kiara Sen,44
1671,Siya Sharaf,20
1672,Azad Dalal,40
1673,Kabir Sehgal,37
1674,Ranbir Garde,21
1675,Divyansh Lal,40
1676,Taran Varghese,56
1677,Indrans Mahajan,57
1678,Ishaan Bhasin,36
1679,Abram Tata,54
1680,Jhanvi Tak,31
1681,Tara Agate,22
1682,Urvi Sama,25
1683,Onkar Chahal,26
1684,Anay Krishna,26
1685,Prisha Sami,51
1686,Raunak Balay,29
1687,Bhamini Biswas,23
1688,Drishya Goyal,22
1689,Yasmin Khanna,19
1690,Purab Tata,19
1691,Vivaan Gopal,55
1692,Seher Deep,58
1693,Rohan Bhatnagar,57
1694,Dhanush Dhawan,60
1695,Vivaan Madan,50
1696,Tanya Mahajan,33
1697,Akarsh Divan,52
1698,Prerak Bora,27
1699,Advik Shere,46
1700,Anahita Ahluwalia,32
1701,Alisha Chauhan,36
1702,Khushi Reddy,29
1703,Inaaya  Hari,18
1704,Armaan Yadav,35
1705,Indrans Acharya,53
1706,Navya Balasubramanian,23
1707,Shanaya Tiwari,38
1708,Mishti Saran,33
1709,Riaan Saxena,30
1710,Ryan Khanna,38
1711,Lakshay Borah,19
1712,Advik Saran,21
1713,Anahita Dara,20
1714,Neysa Sehgal,37
1715,Yashvi Brar,40
1716,Tara Sehgal,37
1717,Zeeshan Salvi,22
1718,Emir Sama,27
1719,Renee Singhal,31
1720,Vivaan Bhavsar,46
1721,Bhamini Kade,52
1722,Mohanlal Ramachandran,19
1723,Anvi Buch,60
1724,Riya Sharma,55
1725,Pihu Dalal,23
1726,Lavanya Deo,45
1727,Jayan Sagar,59
1728,Anvi Dua,51
1729,Renee Kibe,40
1730,Damini Bhattacharyya,43
1731,Urvi Sagar,59
1732,Badal Krishnan,33
1733,Raunak Lall,28
1734,Indranil Khurana,42
1735,Nirvi Devi,55
1736,Armaan Loyal,47
1737,Abram Banik,24
1738,Indrans Singhal,47
1739,Purab Barad,40
1740,Heer Contractor,32
1741,Piya Sankar,32
1742,Jhanvi Kanda,48
1743,Nehmat Bhalla,43
1744,Uthkarsh Sharma,60
1745,Rasha Kala,53
1746,Nakul Sem,45
1747,Indrajit Chandra,19
1748,Kavya Batra,32
1749,Priyansh Guha,34
1750,Vardaniya Borah,44
1751,Jayan Khalsa,37
1752,Ojas Chanda,32
1753,Rohan Jaggi,58
1754,Shamik Sawhney,45
1755,Samarth Lalla,21
1756,Misha Sridhar,20
1757,Divij Sheth,33
1758,Saanvi Chacko,44
1759,Damini Saxena,28
1760,Arnav Basu,59
1761,Saanvi Bhalla,29
1762,Aaryahi Gopal,43
1763,Advik Bedi,43
1764,Lakshay Yadav,59
1765,Krish Lalla,26
1766,Bhamini Cherian,47
1767,Parinaaz Sodhi,26
1768,Shlok Kade,50
1769,Indrajit Bawa,52
1770,Kaira Ben,49
1771,Arhaan Sharma,38
1772,Ela Bahl,38
1773,Zoya Goswami,27
1774,Vivaan Lal,47
1775,Farhan Sandal,48
1776,Himmat Bala,19
1777,Yuvraj  Rattan,48
1778,Aarush Jhaveri,33
1779,Riaan Swaminathan,31
1780,Amani Malhotra,19
1781,Pihu Zacharia,34
1782,Lagan Bhasin,28
1783,Lakshay Thaman,37
1784,Arhaan Aurora,45
1785,Vedika Talwar,51
1786,Mehul Chana,53
1787,Myra Dhar,31
1788,Faiyaz Raman,48
1789,Adira Gole,32
1790,Charvi Swamy,26
1791,Gatik Bassi,45
1792,Vihaan Virk,52
1793,Indrans Ramachandran,41
1794,Samar Doctor,27
1795,Shalv Venkatesh,37
1796,Manikya Hora,31
1797,Yashvi Chaudhary,32
1798,Mishti Kothari,29
1799,Hridaan Ramaswamy,31
1800,Tushar Apte,58
1801,Keya Deshmukh,34
1802,Tiya Thaman,29
1803,Divij Mannan,55
1804,Chirag Borde,58
1805,Amani Guha,53
1806,Jayan Agate,28
1807,Samarth Kamdar,41
1808,Yuvaan Ben,59
1809,Adah Mann,27
1810,Alisha Mall,29
1811,Bhavin Chaudhari,56
1812,Samaira Chhabra,34
1813,Taimur Sane,24
1814,Jivin Borah,54
1815,Azad Biswas,42
1816,Romil Shah,50
1817,Jivika Swaminathan,48
1818,Drishya Jani,44
1819,Vidur Raju,39
1820,Emir Rajan,24
1821,Adah Bakshi,18
1822,Alisha Borra,22
1823,Akarsh Kade,20
1824,Emir Chakrabarti,39
1825,Rohan Solanki,35
1826,Tanya Chacko,48
1827,Sumer Behl,57
1828,Bhavin Doshi,39
1829,Jhanvi Date,21
1830,Raghav Chauhan,57
1831,Rasha Mannan,60
1832,Mannat Trivedi,22
1833,Aaina Tripathi,59
1834,Nitara Mand,42
1835,Vidur Dhawan,36
1836,Mannat Garg,25
1837,Jayant Tiwari,47
1838,Ira Saini,52
1839,Charvi Dasgupta,35
1840,Farhan Srinivasan,21
1841,Indranil Uppal,41
1842,Rhea Maharaj,54
1843,Emir Raval,49
1844,Dharmajan Tailor,56
1845,Jiya Kumer,51
1846,Aarush Madan,30
1847,Shlok Sundaram,49
1848,Jivika Biswas,49
1849,Tanya Sachar,39
1850,Jayant Uppal,43
1851,Raghav Dani,58
1852,Nishith Bhargava,58
1853,Sara Mahajan,39
1854,Renee Anand,19
1855,Madhup Shan,31
1856,Vihaan Chadha,51
1857,Pari Rajagopal,44
1858,Madhav Dube,27
1859,Arnav Gour,41
1860,Parinaaz Sankaran,53
1861,Neysa Saha,32
1862,Samarth Kale,34
1863,Ritvik Srinivasan,47
1864,Keya Sandhu,59
1865,Anvi Khanna,22
1866,Faiyaz Vyas,52
1867,Tushar Kumer,27
1868,Tiya Shere,48
1869,Ranbir Saha,24
1870,Tara Sant,53
1871,Charvi Sant,59
1872,Sara Kunda,26
1873,Aarush Desai,52
1874,Advika De,54
1875,Himmat Trivedi,41
1876,Azad Dyal,40
1877,Heer Lala,39
1878,Taran Behl,23
1879,Aayush Wali,60
1880,Zaina Sabharwal,56
1881,Ira Sen,55
1882,Divij Uppal,30
1883,Nehmat Vora,22
1884,Damini Datta,39
1885,Devansh Garde,46
1886,Lakshit Bandi,24
1887,Zeeshan Keer,40
1888,Yuvraj  Chana,40
1889,Yakshit Kibe,21
1890,Darshit Deep,34
1891,Devansh Ganguly,37
1892,Rati Desai,33
1893,Saanvi Thaker,20
1894,Inaaya  Sunder,23
1895,Hiran Kalita,36
1896,Oorja Shanker,19
1897,Zoya Jaggi,56
1898,Gokul Baral,26
1899,Zara Contractor,59
1900,Pranay Toor,46
1901,Chirag Chandra,37
1902,Urvi Lad,52
1903,Tiya Dixit,19
1904,Amira Srivastava,18
1905,Shray Raju,24
1906,Kismat Seshadri,42
1907,Umang Anand,24
1908,Hunar Barman,31
1909,Ivana Sama,42
1910,Sumer Sridhar,47
1911,Lagan Buch,51
1912,Sana Rama,19
1913,Tejas Ghosh,47
1914,Hrishita Khatri,53
1915,Himmat Mannan,37
1916,Navya Kade,28
1917,Yasmin Anne,37
1918,Ritvik Halder,53
1919,Dharmajan Sarkar,49
1920,Ritvik Maharaj,44
1921,Samaira Kant,22
1922,Miraan Contractor,27
1923,Tanya Ram,30
1924,Ayesha Anne,48
1925,Eva Kari,34
1926,Faiyaz Singh,22
1927,Elakshi Keer,44
1928,Divyansh Banik,56
1929,Samiha Rau,23
1930,Sana Halder,23
1931,Lakshay Sood,42
1932,Kiaan Chander,59
1933,Siya Bava,23
1934,Riya Mahal,32
1935,Rhea Kara,46
1936,Oorja Solanki,40
1937,Aaryahi Jain,48
1938,Ishaan Dewan,35
1939,Gatik Raju,54
1940,Ivana Goyal,51
1941,Samarth Bedi,22
1942,Ishita Ganguly,31
1943,Nitara Bail,46
1944,Mohanlal Taneja,60
1945,Sana Andra,40
1946,Yakshit Bora,41
1947,Faiyaz Dara,54
1948,Tara Venkataraman,19
1949,Aayush Sridhar,23
1950,Samarth Khurana,32
1951,Divij Lalla,23
1952,Manjari Sagar,37
1953,Kimaya Bassi,22
1954,Neelofar Sinha,55
1955,Eva Garde,25
1956,Stuvan Agate,42
1957,Elakshi Kalla,33
1958,Dhruv Tripathi,24
1959,Shray Khatri,29
1960,Vedika Setty,57
1961,Neelofar Dubey,21
1962,Nakul Khanna,54
1963,Damini Barman,24
1964,Pari Bhatti,34
1965,Umang Krishnamurthy,55
1966,Indranil Chawla,43
1967,Riya Kala,52
1968,Navya Uppal,46
1969,Gatik Wali,25
1970,Gatik Sehgal,23
1971,Lavanya Badal,39
1972,Vihaan Issac,57
1973,Anvi Atwal,47
1974,Piya Sarin,25
1975,Jhanvi Sama,44
1976,Jayant Tiwari,18
1977,Himmat Garg,37
1978,Pranay Venkataraman,33
1979,Krish Chadha,40
1980,Saira Handa,28
1981,Prisha Jhaveri,32
1982,Ayesha Lad,60
1983,Chirag Rau,33
1984,Hiran Bal,30
1985,Jiya Aggarwal,26
1986,Aarav Goda,39
1987,Anika Vohra,53
1988,Aniruddh Baral,60
1989,Trisha Koshy,24
1990,Shalv Shere,57
1991,Zara Tandon,45
1992,Rohan De,29
1993,Shray Chander,34
1994,Myra Saraf,28
1995,Priyansh Ramakrishnan,22
1996,Shayak Kurian,51
1997,Shanaya Bedi,29
1998,Dhanuk Bandi,22
1999,Aaryahi Mall,59
2000,Purab Sengupta,36
